#,Name,Onboarding Status,Referral Agreement Signed?,BA SF (Referral Split),Capital Category,Product Types,Industries Served,Deal Size,Cost of Capital,Revenue Requirements,Required Documentation,Relationship Owner,Website,Contact Name,Contact Email,Contact Phone,Meeting Notes,Marketing Materials (Drive Link),Referral Agreement (Link)
1,Haut Finance,Signed,Yes,50/50,"Structured Finance, Investment Banking, Trade Finance, Corporate Advisory","Structured Finance, Supply Chain Finance, Trade Finance, Project Finance, Debt Raising, Private Equity Placement, M&A Advisory, Bond Placements, Working Capital Finance, Vendor Financing, Receivables Discounting, Mezzanine Capital, Convertible Instruments","Real Estate, Infrastructure, Manufacturing, Consumer Brands, Agriculture, FMCG, Technology, Media & Entertainment, Government & Public Sector Projects",100M-1B,,4x Loan,,Ryan,,,,,,https://drive.google.com/file/d/10Yz0YWFNyA10i7T4u71-Dz7lm1pwaG7O/view?usp=drive_link,
2,BDIM,Signed,Yes - Email is Referral,20% of what they make (2 %) Orgination Fee,BDIM CRE Debt Advisory / Bridge Lending / Real Estate Finance Brokerage,"Acquisition financing, refinance financing, bridge loans, bank debt, hard money/private loans, CMBS, mezzanine debt, agency debt, Fannie Mae, Freddie Mac, credit union financing","Investment real estate owners across major CRE asset classes; borrowers with upcoming loan maturities, acquisition needs, refinance needs, or long-term relationship potential",$1M+ minimum; will consider smaller files case-by-case; sweet spot $3M–$100M; no stated maximum,"Varies by loan type, lender, leverage, asset class, and transaction structure; bridge lending tear sheet indicates 11%–12% interest rate and 2 points origination fee","No specific revenue requirement stated; underwriting likely based on property cash flow, borrower/sponsor strength, collateral, loan request, and exit strategy",Debt advisory deck; bridge lending tear sheet; executive summary; address/property information; loan request; leases/rent roll; YTD profit & loss statement; PFS; SREO,Ryan,https://www.bdim.com/,Noah Rhine,noah@bdim.com,(516) 660-5693,,https://drive.google.com/file/d/1O0sU8t5VestpZIrlOjJO5zf4fyGMXmzu/view?usp=drive_linkhttps://drive.google.com/file/d/1DHevR8yrqr5jGH6eca7cYFhO9jWR5szQ/view?usp=drive_link,
3,Big Think Capital,Signed,Yes,**30% of all BTC commissions and fees received (including origination fees); paid after cleared funding.**,Marketplace Lender / Small Business Finance,"SBA Loans, Term Loans, Business Lines of Credit, Commercial Real Estate Loans, Equipment Financing, Working Capital Financing","General Small Business, Commercial Real Estate, Equipment-Intensive Businesses",SBA Loans: Up to $5M; Business Lines of Credit: $5K–$1M; Commercial Real Estate Loans: Up to $50M; Equipment Financing: Up to Equipment Cost; Term Loans: Varies; Working Capital Financing: Varies,"Varies by product and borrower profile; SBA loans are generally lower-cost with longer repayment terms but take longer to close; working capital is faster and easier to qualify for but typically higher-cost; term loans, LOC, CRE, and equipment financing pricing depends on credit, revenue, time in business, collateral, and risk profile","SBA: 640+ credit score; term loans: $100K+ annual revenue, 1+ year in business, 660+ credit; LOC: $10K+ monthly revenue, 600+ credit; CRE: 620+ credit; equipment financing: $10K+ monthly revenue, 2+ years in business, 600+ credit; working capital: $5K+ monthly revenue, credit score as low as 450",Application form; business bank statements; business and personal tax returns depending on product/loan size; personal financial statement for SBA; schedule of real estate for CRE; equipment invoice for equipment financing,Ryan,www.bigthinkcapital.com,Jake Navarro,jake.navarro@bigthinkcapital.com,516-475-2061,,https://drive.google.com/file/d/1kqekcpgdOeLSdYSIfPdF7L9o9mTRONtW/view?usp=drive_link,
4,Awaken Finance,In Progress,Willing to share economics,Willing to share economics,Crypto / Digital Asset Multi-Family Office & Structured Finance Investor,"Structured Finance, Structured Products, Fund Investments, Direct Investments, Strategic Capital, Venture Capital","Cryptocurrency, Blockchain, Web3, DeFi, Digital Asset Infrastructure, FinTech",Institutional Scale ($1M+ to $100M+; exact ranges not publicly disclosed),,,,Ryan,,,,,,Follow up,
5,GMO Payment Gateway,No Program,NO referral fee - must charge the client 1-2%,NO referral fee - must charge the client 1-2%,Fintech Venture Debt / Asset-Based Lending Platform,"Venture Debt, Asset-Based Lending (ABL), Cash Flow Lending, Growth Capital, Working Capital Facilities, Structured Credit, Credit Facilities, Fintech Lending","SaaS, Fintech, Technology, Ecommerce, Venture-Backed Companies, High-Growth Businesses, Digital Platforms",$500K–$50M+,,,,Ryan,https://www.gmo-pg.com/en/,Taka K.,kamahara@gmo-pg.com,,,Follow up,
6,C6,Signed,Yes,50% of Company's underwriting/origination fee (typically 2%–5% of funded amount) for each referred client that closes financing; effective payout to Agent generally equals 1%–2.5% of funded loan amount.,Special Situations Credit Fund / Structured Finance Lender,"Bridge Loans, Working Capital, Acquisition Financing, Partner Buyouts, IPO Bridges, Growth Capital, Event-Driven Financing, Rescue Capital, Subordinated Debt, Senior Secured Loans, Asset-Based Loans, Revenue-Based Financing, Recurring Revenue Financing, Non-Dilutive Venture Debt","Healthcare, Manufacturing, Industrials, Logistics, Transportation, Construction, SaaS, Technology, Media, Telecom, Consumer Products, Retail, Energy, Real Estate, Professional Services, Staffing, Agriculture, Automotive, Cannabis, Medical Devices","$250,000 – $15,000,000+",MOIC of 1.15x–1.45x; 1–12 month terms; 30%–50% early prepayment discount available; no equity ownership required,"Typically funds up to 10% of TTM run-rate revenue; U.S.-based companies preferred; private, sponsor-backed, and public companies eligible","No formal checklist stated; likely financials, revenue support, collateral details, AR/inventory/contracts, ownership/guarantor info, repayment source, and security documents",Ryan,www.c6capllc.com,Chris Mazzella,cmazzella@c6cap.com,914-213-4165,,https://drive.google.com/file/d/1RE9ualTTnM3_vpnUi2Kyu6CZfA7dCb8i/view?usp=drive_link https://drive.google.com/file/d/1nXxHSMH7vjEmEqmenIaaLYw59dI8UTEW/view?usp=drive_link https://drive.google.com/file/d/1nXxHSMH7vjEmEqmenIaaLYw59dI8UTEW/view?usp=drive_link https://drive.google.com/file/d/1BFY0Bp9dhCx_fPrek_LtRJmUjxfiFV4A/view?usp=drive_link,
7,Clearco,Signed,Yes,10% of fees for first 3 months; 5% of fees for following 9 months on funded invoices from referred customers.,Revenue-Based Financing Platform / Ecommerce Working Capital Provider,"Invoice Funding, Inventory Financing, Receipt Financing, Working Capital Advances, Cash Advances, Fixed Funding Capacity, Rolling Funding Capacity","Ecommerce, Consumer Products, Apparel, Fashion, Beauty, Cosmetics, Health & Wellness, DTC Brands, Amazon Sellers, Shopify Merchants, BigCommerce Merchants","Invoice Funding ($10K–$10M+), Inventory & Supplier Financing ($25K–$10M+), Receipt Financing ($10K–$5M+), Working Capital & Cash Advances ($10K–$10M+), Growth Capital ($100K–$10M+)",Fixed fee of 3.63%–12.5% depending on the selected 4–6 month extension plan; no periodic or compounding interest; total fee is disclosed upfront and does not increase during the extension period,"Funding capacity is based on business performance, revenue, and selected extension plan; Clearco reviews synced sales account and bank account data to determine preliminary funding capacity","No formal document checklist stated; requires connected sales accounts such as Shopify or Amazon, connected business bank accounts, and invoices for invoice funding / supplier invoice financing",,www.clear.co,Sam Bell,samuel.bell@clearbanc.com,,,https://drive.google.com/file/d/1DXLzLwid6Kw2XpGwTEY2ZcpokFBBBmD1/view?usp=drive_link https://drive.google.com/file/d/18m8GIb_o_fCeGg4WL1jp4vSmGqIqupz8/view?usp=drive_linkRyan,
8,Reiger Shore (Greg),Signed,Yes,50% of fees collected by Reiger Shore from referred clients,Debt Capital Advisory / Specialty Finance Advisory (Access to 300 lenders),"Working Capital Financing, Acquisition Financing, Growth Capital, Bridge Loans, Asset-Based Lending, Accounts Receivable Financing, Inventory Financing, Equipment Financing, Structured Debt, Refinancing, Capital Raising","Manufacturing, Distribution, Transportation, Logistics, Healthcare, Consumer Products, Retail, Construction, Professional Services, Business Services, Technology, Industrials",$250K–$50M+,,,,Ryan,,,,,,https://drive.google.com/file/d/1kIW5VJ5xM_m4WD9B9_KNVhBeKvI_oS2y/view?usp=drive_link,
9,ARC,In Progress,Updated referral pending,10% of Arc Success Fees on transactions funded by lenders introduced,Cash Management & Capital Markets Platform / Tech-Enabled Debt Advisory,"Cash management, treasury accounts, brokerage yield accounts, business accounts, corporate card/spend tools, DACA/control accounts, debt raise/debt marketplace, venture debt, warehouse facilities, leasing credit facilities, equipment financing, M&A facilities, and CFO Agent/AI financial tools","Technology companies, SaaS, AI, fintech, venture-backed startups, ecommerce, B2B software, healthcare technology, equipment-heavy companies, and high-growth companies","Series A debt generally $5M–$10M; example target debt amount of $5M; transaction examples include $10M equipment deal, $20M M&A facility, $50M leasing revolving credit facility, and $200M credit card warehouse facility","No stated borrower interest rate or debt pricing; Arc helps source competitive lender terms and may earn success fees on funded transactions; platform offers up to 4.06%–4.51% net yield on brokerage depending on membership tier, but this is yield earned on cash, not cost of debt","No specific revenue requirement stated; target users are technology, startup, venture-backed, and high-growth companies seeking cash management, treasury, DACA/control account services, or institutional debt capital","AI-enabled data room, uploaded documents, connected data sources, financials, borrower materials, company data, sales/bank/account information as applicable, and additional lender diligence depending on facility type",Ryan,https://www.joinarc.com/,Daniel Stuccilli,daniel@joinarc.com,,Met with Omid Izadjou(oizadjou@joinarc.com) June 22nd- VP of Revenue / Reached out to Daniel Regarding updated referral agreement 6/23/26https://docs.google.com/document/d/1wZ31RBTtvWbwA0-tuYEvA4PAR_tDIKJQRANl2WBVqRQ/edit?tab=t.ieevcpfemzdk,https://drive.google.com/file/d/1kIW5VJ5xM_m4WD9B9_KNVhBeKvI_oS2y/view?usp=drive_link,
10,Liquid Ventures limited (Crypto Lending),Signed,Yes,**0.5% origination fee on loans up to $25M; 0.5% on loans $25M–$100M; 1.0% on loans over $100M.**,Liquidity Ventures – Bitcoin-focused accelerator and referral partner. Does not provide lending directly; referred BA to JTSA for potential financing opportunities.,,,,,,,,,,M@liquidityventures.io,,Reached Out regarding Marketing materials,,
11,Ready Capital,In Progress,Pending need to fill out W9- Sent Wiring instructions,,"SBA Lending, CRE Lending, Government-Guaranteed Lending","SBA 7(a) Loans, SBA 504 Loans, USDA B&I Loans, Commercial Mortgages, Bridge Loans, Construction Loans, Working Capital Loans, Acquisition Financing","Manufacturing, Industrial, Healthcare, Hospitality, Retail, Automotive, Warehousing, Self-Storage, Agriculture, Food Supply Chain, Construction, Franchise, Commercial Real Estate","SBA: $350,000–$7,000,000 | USDA B&I: Up to $25,000,000","USDA B&I rates typically 5-year T-bill + 4.50%–5.50%; SBA 7(a) pricing not specifically stated, but offers longer-term government-backed financing with low borrower equity requirements, ability to finance closing costs, and limited/no prepayment penalties","No specific revenue requirement stated; SBA 7(a) real estate must generally be owner-occupied or utilized at more than 51%; USDA B&I must be in eligible rural areas/towns under 50,000 population or qualifying county/parish locations","No formal documentation checklist stated; likely SBA/USDA application, business financials, tax returns, personal financial statement, use-of-funds details, real estate/equipment information, ownership documents, and eligibility support depending on loan type",Robert /Ryan,https://readycapital.com/,Karen Domingo,Karen.Domingo@readycapital.com,(973) 577-4661,,https://drive.google.com/file/d/1YwVinVQ7PQityjdo7Bc10TkVrAkuyXSE/view?usp=drive_link https://drive.google.com/file/d/1G_594kQ8lsF5qy8Z7qUyOEyGXe0CbsFI/view?usp=drive_linkhttps://drive.google.com/file/d/1GRBHh_4O8C7qCQGo2deS-uCOybNLpFAx/view?usp=drive_link,
12,Saratoga Investment Corp,In Progress,Pending,50/50 Pending agreement,"Private Credit, Cash Flow Lending, Acquisition Financing, Growth Capital","Subordinated Debt, First Lien Loans, Second Lien Loans, Senior Secured Loans, Unitranche Loans, One-Stop Facilities, Delayed Draw Term Loans, Equity Co-Investments","Software, Technology, Healthcare Technology, Business Services, IT Services, Hospitality Technology, Commercial Real Estate Technology, HR Technology, Consumer Services, Franchises, Restaurants, Food & Beverage","$5,000,000-$75,000,000","No stated rate or pricing provided; pricing is deal-specific based on leverage, EBITDA/ARR, lien position, credit risk, collateral, use of proceeds, and whether equity co-investment is included","EBITDA of at least $2M or annual recurring revenue of $5M+; prefers strong margins, free cash flow, stable historical performance, recurring revenue, modest capex/working capital needs, and strong management ownership","No formal document checklist stated; likely CIM/deal summary, historical financials, projections, EBITDA/ARR support, debt schedule, cap table, management information, transaction overview, use of proceeds, customer/revenue detail, and diligence materials depending on structure",Robert /Ryan,https://www.saratogainvestmentcorp.com/,Rich Petrocelli (MD),rich@saratogapartners.com,(646) 515-3645,Spoke to Rich on phone 6/10/26,https://drive.google.com/file/d/1mzEhnl7SezBxUhGCCqa-T7OQGZmLcUFf/view?usp=drive_link,
13,Monroe Capital,In Progress,Pending In compliance,Mentioned 50 Bips,"Private Credit, Cash Flow Lending, SaaS Financing","Cash Flow Loans, Enterprise Value Loans, Recurring Revenue Loans, Asset-Backed Facilities, Senior Credit Facilities, Alternative Credit Facilities, Equity Co-Investments","HealthcareTechnologySports, Media & EntertainmentRetail & Consumer ProductsSpecialty FinanceVenture DebtIndependent SponsorReal EstateOther Specialties",Up to $300 million hold size for companies with a minimum EBITDA of $5 million,"No stated rate or pricing provided; pricing is deal-specific based on EBITDA, leverage, credit profile, lien position, collateral, enterprise value, sponsor support, industry, and transaction structure","Targets middle-market companies with EBITDA starting at $5M; recurring revenue/SaaS financing may be underwritten based on ARR, growth, retention, and enterprise value","No formal checklist stated; likely CIM/deal summary, historical financials, projections, EBITDA/ARR support, debt schedule, cap table, sponsor/ownership information, use of proceeds, transaction overview, customer/revenue detail, collateral information for ABL, and diligence materials depending on structure",Robert /Ryan,https://monroecap.com/team/,Ryan Schafer (VP),rschafer@monroecap.com,(312) 754-8345,Spoke to Ryan on phone 6/10/26 will get back to us within a week. Referral Agreement in compliance. Followed up 6/23/26,https://drive.google.com/file/d/1apiEu5sUezdmP40Crhbl6gLqtZIPVlso/view?usp=drive_link,
14,Breakout Finance,Signed,Yes,Breakout Finance – Referral Compensation:** Up to 3.0% of funded loan principal (Simple Referral); 1.0% if Partnering on Deal Referral; Factoring referrals earn 5–10% of Breakout factoring fees; renewals paid at same rates. Subject to 60-business-day clawback if default occurs.**,Short-Term Working Capital / Term Loans / Bridge Capital,"Term loans, bridge term loans, working capital financing, accounts receivable financing, purchase order financing, debt consolidation/refinance, covenant relief capital, payroll/operating capital","Preferred industries include healthcare, manufacturing, staffing, consulting, technology, and government contracting; restricted industries include agriculture, finance/insurance, mining, real estate/leasing, and transportation/warehousing",Up to $2M; Bridge Term Loan up to $500K; terms up to 2 years; estimated funding timeline 1–2 days,No stated APR/rate provided; Waive Term Loan waives 100% of remaining interest if repaid within 90 days; Bridge Term Loan charges zero interest if fully repaid within first 30 days,Minimum $50K average monthly revenue; minimum 1 year in business; minimum 580 FICO,"application, business bank statements, AR/borrowing base support, purchase orders/contracts if applicable, existing debt schedule, financials, ownership/credit information, and use-of-funds details",Robert /Ryan,https://www.breakoutfinance.com,Andrew Moss (VP),amoss@breakoutfinance.com,864.490.4498,,https://drive.google.com/file/d/1ba6-zWyEStBUxfuGdWq0l8RLWoXY_cu9/view?usp=drive_link,
15,Slim Capital,Signed,Yes- Sending over Copy,,Equipment Finance / Asset-Based Lending / Cash-Out Equipment Financing / Working Capital,"Equipment finance, cash-out equipment financing, sale-leaseback, asset-based lending, unsecured working capital, software financing, cannabis equipment financing, restaurant equipment financing, startup equipment financing, and equipment refinancing","Equipment-heavy businesses including transportation, construction, materials handling, machine tools, manufacturing, livery, industrial, vocational, packaging, cannabis equipment, restaurants/food trucks, and software; exclusions for cash-out include medical equipment, commercial printers, forestry equipment, and Class 8 sleepers",Program-dependent; Tier I app-only up to $500K; Tier II up to $150K; Tier III up to $75K; startup max $60K financing / $75K equipment cost with 20% down; cannabis app-only up to $150K; cash-out EFA terms up to 60 months; equipment terms up to 72 months; unsecured working capital terms 6–18 months,No stated interest rate; positioned as lower-cost than MCA financing; monthly payments instead of daily/weekly payments; no early payoff penalty on cash-out program if payments are made on time,"Varies by program; cash-out requires 600+ FICO, 2+ years in business, and unencumbered business equipment; Tier I requires 680+ FICO and 5+ years in business; Tier II requires 620+ FICO and 2+ years; working capital requires 1+ year in business, 625+ FICO, and $150K+ annual revenue; software requires 2+ years and 650+ FICO","App-only up to $500K: signed credit application, equipment invoice, and 3 months full bank statements; $500K+ full financials: app-only documents plus 3 years business/personal financial statements and tax returns, current interim statements, personal financial statement, debt schedule, and equipment purchase justification; cash-out also requires a facilities list and “Cash-Out” listed as loan purpose",Robert /Ryan,https://www.slimcapital.com/,Jeff Brannon( Head of Sales),Jeff@slimcapital.com,949-981-0431,,https://drive.google.com/file/d/1XzIHxNmGYUhvOIac3eBBxIH0Ei9FHKCP/view?usp=drive_link https://drive.google.com/file/d/1v6I3mnyCiAYEAQymSQtNyVTzeeMCQKJu/view?usp=drive_link,
16,Biz2Credit,In Progress,Pending- Background Check - Need to Send over void check and passport,RSA / MCA ~3%New Working Capital / LOC / Equipment Financing 2%New Term Loan 1%Renewal / Refinance Working Capital / LOC / Equipment Financing 1%Renewal / Refinance Term Loan 0.5%,"SMB Lending, MCA / Revenue-Based Financing, Working Capital, Term Loans, Lines of Credit","Merchant Cash Advance / Revenue-Based Financing, Term Loans, Business Lines of Credit",Broad range of U.S. small businesses / SMBs,General funding: $25K–$2M+; Term Loans: $25K–$1M+; LOC: up to $500K; RBF average funding around $110K,"Varies by product and underwriting; RBF/MCA uses factor-rate / future-receivables repayment, not normal fixed interest; term loans/LOC pricing depends on credit, revenue, and approval","RBF: $250K+ annual revenue, 575+ FICO, 1+ year in business; Term Loan: $250K+ annual revenue, 650+ FICO, 18+ months in business; LOC varies, often based on credit, revenue, and time in business","Basic business info, 3–6 months business bank statements, tax returns, legal/entity docs, business plan or loan purpose, balance sheet, P&L, business/personal tax returns, business tax ID/EIN, ID/passport, voided business check",Ryan (Robert reached back out),Biz2Credit.com,Tommy Blinder,tommy.blinder@biz2credit.com,332.699.4693,Send over NDA spoke on phone 6/9/26,https://drive.google.com/file/d/1yReVE2Unh-VC5A0d7LeJsDy0HBET2jP6/view?usp=drive_link https://drive.google.com/file/d/15SPlBm4A8XwcZFUKKIK3Zr6tm5ZPMMTL/view?usp=drive_link. https://drive.google.com/file/d/15SPlBm4A8XwcZFUKKIK3Zr6tm5ZPMMTL/view?usp=drive_link. https://drive.google.com/file/d/1p80mEjW8lHHH11BBfWa675bQXwCCKMjV/view?usp=drive_link. https://drive.google.com/file/d/1guDTaB_yuzxVwgPEgUvf65NPLZPDP2yu/view?usp=drive_link,
17,Forward Financing,In Progress,Pending Response from Parker richards,,Revenue-Based Financing,"Revenue Advances, Revenue-Based Financing","Over 700 supported including trucking, restaurants, and retail.Restricted: Prohibits cannabis, firearms, adult entertainment, and financial firms.","Typically $5,000 to $500,000 with a $33,000 overall",,,,Robert/Ryan,https://www.forwardfinancing.com,Parker Richards (Acct Manager),prichards@forwardfinancing.com,(617) 729-2519,Reached back out 6/23/26,https://drive.google.com/file/d/1ufeShhmCX5WajwqHYQL7Gbx540SHuk5h/view?usp=drive_link,
18,Hum Capital,Signed,Yes,30% of Hum + BA success Fee,Growth Debt / Private Credit Marketplace / Non-Dilutive Business Financing,Term Loans; Credit Lines; Delayed Draw Facilities; Multi-Tranche Debt Facilities; Working Capital Financing; Acquisition Financing; Debt Refinancing,Industry agnostic; U.S. and Canadian growth companies across various verticals; limited excluded industries,$1M–$7M facility size; average ~$3.1M,1.0%–1.5% per month; monthly repayment; 12–36 month terms,$3M–$50M annual revenue; minimum 2.5%–5% YoY revenue growth; underwriting based on DSCR,Borrowers securely connect financial software to Hum’s platform; Hum uses its Intelligent Marketplace / Hum AI to evaluate business fundamentals and match companies with investors/lendershttps://humcapital.com/our-story/,Robert/ Ryan,https://humcapital.com,Kaare Andersen,kaare@humcapital.com,914-486-4410,,,
19,Bigfoot Capital,Signed,Yes,**5% of gross interest income from referred clients; paid monthly while client remains active and not in default.**,Growth Debt / Venture Debt / SaaS & Tech-Enabled Services Lending,Multi-Draw Term Loan Facilities; Non-Dilutive Growth Capital; M&A Financing; Bridge-to-Equity Financing,B2B software and tech-enabled services companies in the U.S. and Canada,Initial check size: $1M–$5M; 36-month term per draw; up to 12-month draw period,Interest rate plus fee; no warrants; exact pricing not specified,$2M–$15M ARR; 20%+ annual revenue growth; 50%+ recurring revenue mix; gross margins 70%+ for SaaS or 50%+ for tech-enabled services; net cash burn up to 50% of revenue,"Required documentation not specified; likely financial statements, ARR/revenue detail, recurring revenue metrics, customer data, cap table, debt schedule, and use of funds",Robert/Ryan,https://bigfootcap.com,Carter Hathorne,chawthorne@bigfootcap.com,516-330-4338,,https://drive.google.com/file/d/1Ca3rIn3IyKhz8KmnBSVzAmGnluxbF0W9/view?usp=drive_link,
20,Area,No Program,Does not do Referrals,No Referral Fee,UHNW Art Finance / Collectibles Asset-Based Lending / Specialty Lending,Annual Renewable Lines of Credit; Term Facilities; Revolving Lines secured by fine art collections and select collectibles,UHNW individuals; trusts; operating entities; family offices; art collectors; collectors with diversified collateral pools,$10M minimum facility size; 50% advance rate / 2x collateral coverage required; annual renewable line or term structure,"Approximately SOFR + 250 bps; borrower pays setup fees, unused-line fees, appraisal costs, and outside counsel legal fees","No business revenue requirement stated; underwriting based on UHNW guarantor cash flow, liquidity, net worth, and ability to service principal and interest; guarantor NW generally $50M–$100M+",Liquidity statements; 2 years tax returns; personal/entity financial statements; artwork provenance; third-party appraisal; collateral details; UCC filing; 15%–20% of loan amount held with bank in acceptable liquid assets,Ryan,https://www.aera.inc/,Pasha Baradaran,pasha@aera.inc,calendly.com/pasha-aera,,https://drive.google.com/file/d/1zZG33RUw0doexyBspEzISJWg6P_65CiU/view?usp=sharing,
21,NFS Leasing,In Progress,Sent to JP Camire- Need to sign,2% of The net Financed Amount,Specialty Equipment Finance / Story Credit Equipment Leasing / Asset-Based Lending,FMV Leases; $1-Out Capital Leases; Sale-Leasebacks; Equipment Finance Agreements; Asset-Based Term Loans; New and Used Equipment Financing,"Industry agnostic; focus on technology, life sciences, healthcare, construction, manufacturing, and industrial automation; excludes cannabis, long-haul trucking, and firearms",$150K–$15M; application-only up to $250K; flexible terms depending on asset class and structure,"Not stated; pricing varies by credit profile, collateral, structure, guarantees, down payment, and risk mitigants","No fixed revenue requirement stated; targets early-stage, growth-stage, low/negative EBITDA, turnaround, and unique story credits with a clear path forward","Up to $250K: credit application, last 3 months business bank statements, equipment quote. Above $250K: last 3 months bank statements, current YTD P&L, current YTD balance sheet, last 2 years business tax returns, debt schedule, PFS. Also reviews vendor, prefunding/progress payments, equipment location, business benefit, down payment ability, and budgeted monthly payment.https://drive.google.com/file/d/1oiGE4FthQKjgVctfUa9xohebPUn6y3OH/view?usp=drive_link",Robert/Ryan,https://www.nfscapital.com/,JP Camire,awhyman@nfsleasing.com,978-712-4050,,,
22,ARF Financial,Signed,Yes,"Up to 8% (4% upfront + 4% earn-out), plus residuals and production bonuses.",SMB Working Capital / Revolving Line of Credit / Short-Term Business Lending,P&I Revolving Line of Credit; IO Flex Pay; IO Bankroll; Working Capital Financing; Debt Refinancing,"Approved SMB industries including healthcare, restaurants, hospitality, retail, professional services, manufacturing, IT services, automotive, salons, dry cleaners, pet stores, and other service businesses",$5K–$1.5M overall program; P&I LOC minimum initial draw $15K; IO Flex Pay minimum initial draw $50K; IO Bankroll minimum initial draw $50K; terms up to 36 months / interest-only and revolving options available,Cost not fully stated; 3–4 points at closing depending on product; interest-only options available; no early payoff penalties,"General minimum: 575+ Equifax, 30+ days revenue, $50K+ monthly sales for P&I LOC; IO Flex Pay: 651+ credit score, 3+ years in business, home ownership; IO Bankroll: 651+ credit score, 4+ years in business, home ownership, profitable tax returns, $1.2M+ annual sales","Credit application; business bank statements; proof of sales/revenue; ownership/guarantor information; tax returns for IO Bankroll/profit verification; review of competitor positions, deposits, NSFs, employee count, and recent MCA/short-term funding",Robert/Ryan,https://www.arffinancial.com/,Jose Hidalgo,jhidalgo@arffinancial.com,(754) 778-6744,,https://drive.google.com/file/d/1m78z-w3pkMWWMR-cDDAdpLjj29SJc-nj/view?usp=drive_linkhttps://drive.google.com/file/d/1BfRXrXz9JSGnWITWikWXmFeY_2Omcajw/view?usp=drive_linkhttps://drive.google.com/file/d/1MfrbHdRgmrgzzO1LnWf8TlYo0SzJtXb9/view?usp=drive_linkhttps://drive.google.com/file/d/1R0d_KiAfGs-DIr5duYH7UqSpWF3snZ7e/view?usp=drive_linkhttps://drive.google.com/file/d/1eSF4sDBUP4EJ1BmkO0UnurDZ4f98Skm6/view?usp=drive_linkhttps://drive.google.com/file/d/1dpMrRCjWwhArarEMAKMxsfwI0K-RJQki/view?usp=drive_link,
23,Quantum Financial Technologies,Signed,Yes,Term Loans3.0% of funded loan amount (one-time)Fee-Based Loans4.0% of funded loan amount (one-time)Lines of Credit2.0% of commitment amount (one-time) + 1.0% annual portfolio fee (paid monthly for 18 months on performing accounts),Alternative SMB Lending / Tech-Enabled Business Credit / Working Capital,Term Loans; Fee-Based Lines of Credit; MCA Payoff / Debt Refinance,"Preferred industries include healthcare, accounting, architecture/engineering, breweries/wineries; higher-risk includes construction, retail, transportation, real estate, and food services; prohibited includes firearms, tobacco, gambling, marijuana, non-profits, and motor vehicle dealers",Term Loans up to $250K; Fee-Based LOC up to $150K; term loan repayment 12–60 months; LOC 12–24 months re-amortized after each draw,Term Loans: 14.99%–35.99% plus 5% origination fee; LOC: 1.6%–3.0% fee-based pricing plus 3% commitment fee,"Minimum 680+ FICO, focus on 700+; $150K+ annual revenue, focus on $200K+; 1+ year in business; average bank balance $3K+; no more than 10 NSFs in last 3 months",Application through partner portal; Equifax soft credit pull; business bank statements / bank activity review; ownership information; revenue verification; MCA/short-term debt review; no more than one active MCA position,Robert/Ryan,https://www.quantumlends.com/,Chris Niebur,chris.niebur@quantumlends.com,720-436-9194,,https://drive.google.com/file/d/1rOWvqrnbrL4AuvENMm4L3wmJfdAe4Fei/view?usp=drive_link,
24,Dexly Finance,Signed,Yes,Need to Acquire Comp breakdown,MCA / Revenue-Based Financing / Alternative SMB Funding,Merchant Cash Advances; Revenue-Based Financing; Working Capital Advances; Short-Term Business Funding,"Broad SMB industries across all U.S. states and Puerto Rico; Canada considered if business is U.S.-registered; restricted industries require $1M+ monthly revenue; prohibited industries include used auto dealerships, cannabis, financial services, and religious services",$75K–$5M; terms typically 5–12 months; daily or weekly repayment; Texas must be first position,MCA pricing / factor rate not stated; origination fees range from 1%–10% based on risk profile and business performance,12+ months in business; restricted industries require $1M+ monthly revenue; no bankruptcies; no more than 5 negative days in most recent month and no more than 12 negative days over last 3 months,Application; business bank statements; ownership/guarantor info; business verification docs; revenue verification; bank activity review; existing MCA/short-term debt position review,Ryan,www.dexlyfinance.com,Nell Grabczak,nell@dexlyfinance.com,347-362-8632,,https://drive.google.com/file/d/1I0AhOku2uuhCUDyDrxJ2xVQ09pESiEnG/view?usp=drive_link https://drive.google.com/file/d/1EjwUMgnivAV9qcZ1NWQqNu-O8mPZyuMe/view?usp=drive_link,
25,Customers Bank,In Progress,Pending Referral - Sent all materials,1.0% of funded SBA 7(a) loan amount,Commercial Bank / Commercial Lending / SBA & C&I Lending,CRE Lending; C&I Loans; Equipment Financing & Leasing; SBA Loans; M&A Financing; ESOP Loan Structures; Treasury Management & Deposit Optimization,Manufacturing; Distribution; Construction & Building Services; Food & Beverage; Healthcare; Municipalities & Public Works; Retail Chains; Professional Services; Non-Profits; Labor Unions,$3M+ lending platform; target borrowers generally $10M+ annual gross revenue,"Traditional bank pricing; exact rate depends on product, collateral, borrower credit, and structure; loans likely priced off Treasury/SOFR + spread",$10M+ annual gross revenue; profitable businesses; must support requested debt at 1.25x DSCR,"Full bank underwriting package likely required: business financials/tax returns, YTD financials, debt schedule, collateral details, ownership/guarantor information, loan purpose/use of funds, and SBA-specific documents if applicable",Ryan,https://www.customersbank.com/commercial/,Gio Mahmoud,gmahmoud@customersbank.com,(415) 215-6638,Followed up Regarding Referral Agreement- Need to fill out forms 6/23/26,,
26,Agile Solutions,In Progress,Recieved- Need to Sign Spoke About a 50/50 fee split,,Capital Advisory / Debt Placement / Private Credit Placement,Business Loans; Asset-Based Lending; Working Capital; Equipment Financing; Invoice Factoring; Acquisition Financing; LBO Financing; Debt Refinancing; Private Credit Syndication,Manufacturing; Construction; Data Centers; Utilities; Mining; Pharmaceutical; Infrastructure; Middle Market Businesses; North American borrowers,Sweet spot $5M–$150M; transactions under $150M referred to Agile; larger transactions handled by BA or syndicated,"Not a direct standardized lender; cost of capital varies by lender, credit profile, collateral, leverage, structure, and market conditions","No fixed revenue requirement stated; best fit is middle-market or asset-heavy businesses with meaningful revenue, collateral, EBITDA, or transaction value",Company overview/CIM; financial statements; tax returns; YTD financials; debt schedule; collateral details; AR/AP aging if applicable; use of funds; lender-specific underwriting package,Ryan,https://agilesolutions.global/,Loïc (LG) Labrosse-Girard,loic@agilesolutions.ca,https://calendar.google.com/calendar/u/0/appointments/schedules/AcZssZ3ySMTsZpMu-SnZVhsnD9MB4vCeRZ_HFVIVpG3d685Cw29yfEy_YEV4YU-9r85_i5c8IND-k3Ch,Followed up Regarding Referral Agreement- 6/23/26,,
27,National Business Capital,Signed,Yes,30 % of all commissions earned,Growth Capital / Alternative SMB Lending / Subordinated Cash-Flow Financing,Subordinated Debt; Junior Capital; Term Loans; Lines of Credit; Working Capital; Growth Capital; Acquisition Financing; Overadvance / Stretch Financing; Debt Refinancing; Equipment Financing through lender network,"Industry agnostic; strong fit for healthcare, construction, manufacturing, wholesale, distribution, retail, technology, restaurants, and other B2B/B2C operating companies",$250K–$15M; generally sized off cash flow and annual revenue; can sit behind a senior lender; terms up to 2 years for subordinated debt,"Cost of capital not stated; varies by borrower, cash flow, credit profile, senior lender structure, and facility type; non-dilutive with no equity, warrants, or control terms","$2M–$100M+ annual revenue; 620+ FICO; 1–2+ years in business depending on program; ideal borrowers have strong margins, consistent cash flow, and an existing or pending senior lender","12 months bank statements; prior year tax return; AR aging report; application/business info; may also require financial statements, debt schedule, and details on senior lender/payoff or funding gap",Ryan,https://www.nationalbusinesscapital.com/,Steven McQuaide,smcquaide@national.biz,631-519-2761,Need to go over partner portal,https://drive.google.com/file/d/1YTQUPeyQES2grleC-hK_sDbMQ1jPibu9/view?usp=drive_linkhttps://drive.google.com/file/d/1GbsG4w5IasebjLB-W7G6vFgV7CcZ26O4/view?usp=drive_linkhttps://drive.google.com/file/d/11vPcDH8sdcxaQy_3u_o6gTa_HNPscFe1/view?usp=drive_link,
28,JTSA (Crypto Lending),Prospect,,,Crypto Lending (referred via Liquidity Ventures),,,,,,,,https://www.jtsaglobal.com/,,,,,,https://drive.google.com/file/d/1gFIUFUw9sp0ocNt622db8KTxBIB0dGP-/view?usp=drive_link
29,Raiseview,Prospect,,,,,,,,,,,,,,,,,
30,Ondeck,Prospect,,,,,,,,,,,,,,,,,
